<?xml version="1.0" encoding="UTF-8"?>
<metadata modelVersion="1.1.0">
  <groupId>com.abb</groupId>
  <artifactId>ops-flux-ccp</artifactId>
  <versioning>
    <lastUpdated>20250328144601</lastUpdated>
    <snapshot>
      <localCopy>true</localCopy>
    </snapshot>
    <snapshotVersions>
      <snapshotVersion>
        <extension>pom</extension>
        <value>0.0.2-SNAPSHOT</value>
        <updated>20250328144601</updated>
      </snapshotVersion>
      <snapshotVersion>
        <extension>jar</extension>
        <value>0.0.2-SNAPSHOT</value>
        <updated>20250328144601</updated>
      </snapshotVersion>
    </snapshotVersions>
  </versioning>
  <version>0.0.2-SNAPSHOT</version>
</metadata>
